Purl (jQuery-URL-Parser)|regex|KFN0cmluZ1woXHcrXClcLnNwbGl0XChcLyZcfDtcL1wpXCxccypmdW5jdGlvblwoKQ==
CanJS deparam|regex|KFwvXChcW1xeXFxcW1xcXF1cXVwrXClcfFwoXFxcW1xcXF1cKVwvZ1xzKik=
MooTools More|regex|KFwuc3Vic3RyXCgwLFxzKlx3K1xzKi1ccyoxXClcLm1hdGNoXChcL1woXFtcXlxcXF1cXD9cW1xdXCtcfFwoXFxCXClcKFw/XD1cXFxdXClcKVwvZ1wpKQ==
jQuery BBQ (deparam)|regex|KFwkXC5lYWNoXChccypcdytcLnJlcGxhY2VcKFxzKlwvXFxcK1wvZ1xzKixccypbXCdcIl0gW1wnXCJdXHMqXClcLnNwbGl0XChccypbXCdcIl0mW1wnXCJdXHMqXCkp
deparam #1|regex|KFxzKlwvXFxcW1wvXC50ZXN0XChccypcdytcWzBcXVxzKlwpXHMqJiZccypcL1xcXF1cJFwvXC50ZXN0XChccypcdytcW1xzKlx3K1xzKlxdXHMqXClccyop
deparam #2|regex|KFtcJ1wiXVxbXF1bXCdcIl1ccyo9PT1ccypcdytccypcP1xzKlx3K1wucHVzaFwoXHcrXClccyo6XHMqXHcrXFtcdytcXVxzKj1ccypcdysp
backbone-query-parameters #2|regex|KFxzKihcdyspXHMqPVxzKlwyXFsoXHcrKVxdXHMqPVxzKlwyXFtcM1xdXHMqXHxcfFxzKlx7XH0p
V4Fire Core|regex|KFx3K1xzKj1ccypcL1xcXFtcKFxbXF5cXFxdXF1cKlwpXF1cL2cp
jQuery Sparkle|regex|KFx3K1xzKj1ccypcdytcLnNwbGl0XChcL1xcXCZcKGFtcFxcXDtcKVw/XC9cKSk=
jQuery query-object|regex|KFwvXF5cKFxbXF5cW1xdXCtcKVwoXFxcW1wuXCpcXFxdXClcP1wkXC9cLmV4ZWNcKFxzKlx3K1xzKlwpKQ==
queryToObject|regex|KFwubWF0Y2hcKFwvXChcXlxbXF5cW1xdXCtcKVwoXFxcW1wuXCpcXFxdXCRcKVw/XC9cKSk=
getJsonFromUrl|regex|KFw/XHMqZGVjb2RlVVJJQ29tcG9uZW50XChccypcdytcLnN1YnN0clwoXHMqXHcrXHMqXCtccyoxXClcKVxzKjpccypbXCdcIl1bXCdcIl0p
Unknown lib #1|regex|KFx3K1wucmVwbGFjZVwoXHMqW1wnXCJdXFtcXVtcJ1wiXVxzKixccypbXCdcIl1cW1tcJ1wiXVwuY29uY2F0XCgp
Segment analytics.js #1|regex|KFx3K1xzKj1ccypcL1woXFx3XCtcKVxcXFtcKFxcZFwrXClcXFxdXC8p
Segment analytics.js #1|regex|KFwoXHcrXHMqPVxzKlx3K1wuZXhlY1woXHcrXClcKVxzKlw/XHMqXChccypcdytcW1x3K1xbMVxdXF1ccyo9XHMqXHcrXFtcdytcWzFcXVxdXHMqXHxcfFxzKlxbXF0p
YUI 3 querystring-parse|regex|KFwvXChcLlwqXClcXFxbXChcW1xeXFxcXVxdXCpcKVxcXF1cJFwvXC5leGVjXChcdytcKSk=
flow.js|regex|KFx3K1xzKj1ccypcL1xcXFtcP1woXFtcXlxcXF1cW1xdXCtcKVxcXF1cP1wvZyk=
jquery.parseParams.js|regex|KFx3K1xzKj1ccypcdytcLnNwbGl0XChcL1xcXC5cKFwuXCtcKVw/XC9cKVxbMVxdKQ==
wishpond decodeQueryString|regex|KFx3K1xzKj1ccypcdytcKFx3K1xbMVxdXC5zbGljZVwoXHcrXHMqXCtccyoxLFxzKlx3K1xbMVxdXC5pbmRleE9mXChbXCdcIl1cXVtcJ1wiXSxccypcdytcKVwpXCkp
JS equivalent of PHPs parse_str|regex|KFx3K1xzKj1ccypcdytcLnNsaWNlXCgwLFxzKlx3K1wuaW5kZXhPZlwoW1wnXCJdXFx4PzA/MFtcJ1wiXVwpXCkp
Unknown Lib #2|regex|KCJcW1xdIlxzKj09PVxzKlx3K1wuc3Vic3RyaW5nXChcdytcLmxlbmd0aFxzKi1ccyoyXClbXHNcP1wpXChdKig/Olx3K1xbKT9cdytccyo9XHMqXHcrXC5zdWJzdHJpbmdcKDAsXHMqXHcrXC5sZW5ndGhccyotXHMqMlwpKQ==
Unknown Lib #3|regex|KFx3K1wubWF0Y2hcKFwvXChcXlxbXF5cXFxbXF1cK1wpXChcXFxbXC5cKlxcXF1cJFwpXD9cL1wpKQ==
Unknown Lib #4|regex|KFwoXFtcXlxcXFxcW1xeXFxcXFxdXF1cK1wpXChcKFxcXFxcW1woXF5cXFxcXFtcXlxcXFxcXVwpXFxcXFxdXClcKlwpKQ==
Unknown Lib #5 inbound setUrlParams|regex|KFtcJ1wiXS0xW1wnXCJdXHMqPT1ccypcdytcWzFcXVwuaW5kZXhPZlwoW1wnXCJdXFtbXCdcIl1cKSk=
Nonamed #1|text|/([^&=]+)=?([^&]*)/g